{"cameraMode":{"drawMode":0,"name":"Shaded","section":"Shading Mode"},"sceneLighting":true,"audioPlay":false,"sceneViewState":{"m_AlwaysRefresh":false,"showFog":true,"showSkybox":true,"showFlares":true,"showImageEffects":true,"showParticleSystems":true,"showVisualEffectGraphs":true,"m_FxEnabled":true},"in2DMode":false,"pivot":{"x":-5.24531364440918,"y":7.833136558532715,"z":5.552657127380371},"rotation":{"x":0.038985125720500949,"y":0.018884876742959024,"z":-0.0007195736397989094,"w":0.9990831017494202},"size":18.285757064819337,"orthographic":true}